trial_ordinal,task_id,task_family,arm,pass,provider_input_tokens,provider_output_tokens,provider_total_tokens,proxy_input_tokens,proxy_output_tokens,proxy_total_tokens,input_bytes,output_bytes,carry_in_proxy_tokens,check_attempts,failed_checks,repair_count,elapsed_seconds,tokenizer,tokenizer_exact,workspace,notes
1,task-01,core,C,PASS,unavailable,unavailable,unavailable,503,442,945,503,442,0,1,0,0,16.395,utf8_byte_fallback,false,/mnt/data/xax_chatbox_benchmark/trial-001-task-01-C,tiktoken unavailable; deterministic 1 UTF-8 byte = 1 proxy token fallback used
2,task-01,core,XAX,PASS,unavailable,unavailable,unavailable,998,766,1764,998,766,945,1,0,0,unavailable,utf8_byte_fallback,false,/mnt/data/xax_chatbox_benchmark/trial-002-task-01-XAX,tiktoken unavailable; deterministic 1 UTF-8 byte = 1 proxy token fallback used; elapsed unavailable because task timer was not initialized before TASK_START
3,task-02,core,XAX,PASS,unavailable,unavailable,unavailable,1012,688,1700,1012,688,2709,1,0,0,unavailable,utf8_byte_fallback,false,/mnt/data/xax_chatbox_benchmark/trial-003-task-02-XAX,tiktoken unavailable; pip install unavailable due disabled network; deterministic 1 UTF-8 byte = 1 proxy token fallback used; counted repo/compiler relocation commands and their exposed outputs because they occurred after TASK_START; elapsed unavailable because timer was not initialized before TASK_START
4,task-02,core,C,PASS,unavailable,unavailable,unavailable,2737,955,3692,2737,955,4409,1,0,0,unavailable,utf8_byte_fallback,false,/mnt/data/xax_chatbox_benchmark/trial-004-task-02-C,tiktoken unavailable; deterministic 1 UTF-8 byte = 1 proxy token fallback used; counted compiler/queue-location command and exposed output because it occurred after TASK_START; elapsed unavailable because timer was not initialized exactly at TASK_START
5,task-03,core,C,PASS,unavailable,unavailable,unavailable,563,524,1087,563,524,8101,1,0,0,23.378,utf8_byte_fallback,false,/mnt/data/xax_chatbox_benchmark/trial-005-task-03-C,tiktoken unavailable; deterministic 1 UTF-8 byte = 1 proxy token fallback used
6,task-03,core,XAX,PASS,unavailable,unavailable,unavailable,477,218,695,477,218,9188,1,0,0,44.466,utf8_byte_fallback,false,/mnt/data/xax_chatbox_benchmark/trial-006-task-03-XAX,tiktoken unavailable; deterministic 1 UTF-8 byte = 1 proxy token fallback used
7,task-04,core,XAX,PASS,unavailable,unavailable,unavailable,1759,722,2481,1759,722,9883,1,0,0,unavailable,utf8_byte_fallback,false,/mnt/data/xax_chatbox_benchmark/trial-007-task-04-XAX,tiktoken unavailable; deterministic 1 UTF-8 byte = 1 proxy token fallback used; elapsed timer unavailable
8,task-04,core,C,true,unavailable,unavailable,unavailable,1894,952,2846,1894,952,12364,1,0,0,unavailable,utf8-byte-fallback,false,/mnt/data/xax_chatbox_benchmark/trial-008-task-04-C,PASS on first checker attempt; elapsed end timestamp not captured; no provider telemetry; task-start path rediscovery listed directory metadata but no prior trial contents were opened.
9,task-05,core,C,PASS,unavailable,unavailable,unavailable,5007,807,5814,5007,807,15210,1,0,0,unavailable,utf8-byte-fallback,false,/mnt/data/xax_chatbox_benchmark/trial-009-task-05-C,PASS on first checker attempt; tiktoken unavailable; deterministic UTF-8 byte proxy fallback used; task-start compiler/helper-discovery commands and their exposed outputs were reconstructed into the task log because they occurred after NEXT; exact elapsed unavailable because timer initialized after TASK_START.
10,task-05,core,XAX,PASS,unavailable,unavailable,unavailable,729,779,1508,729,779,21024,1,0,0,unavailable,utf8_byte_fallback,false,/mnt/data/xax_chatbox_benchmark/trial-010-task-05-XAX-20261002T1850,PASS on first test attempt; tiktoken unavailable; deterministic 1 UTF-8 byte = 1 proxy token fallback used; counted compiler/result-location commands and exposed outputs because they occurred after TASK_START; elapsed unavailable because timer was not initialized exactly at TASK_START
