task_id,task_family,arm,trial,model,reasoning,pass,input_tokens,output_tokens,total_tokens,cached_input_tokens,turns,elapsed_seconds,failed_checks,repair_count,context_bytes,semantic_entities,session_id,notes,attempt,trace_sha256,client,transmitted_bytes,verifier_failures,stale_transaction_failures,profile_sha256,response_count,accounting_complete,host_failures,instruction_context_sha256,context_reads,unexpected_context_commands
mf-01,cross-file-api,JAVA,1,gpt-6-luna,low,TRUE,5877,169,6046,2816,1,10.983,0,0,6327,,01a11714-97d7-7263-98a9-128d16d7ad34,,1,ec228fafacf3b71b65384221658624b766beb5ce29720337d9f2e90897cff11a,codex-cli 0.160.0,7867,,0,86486ea06bc83480c09a5003cc7b6caf32438baa2f7c2c9443de2470df396c5d,1,TRUE,[],"[""d7211e78427f6f66b6cdfa2ba0f23864373829a531c7157a33f867c16aae87de""]",0,[]
mf-01,cross-file-api,JAVA-EXCERPT,1,gpt-6-luna,low,TRUE,3664,169,3833,1792,1,9.443,0,0,721,,01a11714-c2fb-7082-aa77-6a50de264aa5,,1,e783ab41c376672d99731fa432ae5edc3a4baa35b37310a3299db044727354bf,codex-cli 0.160.0,2370,,0,86486ea06bc83480c09a5003cc7b6caf32438baa2f7c2c9443de2470df396c5d,1,TRUE,[],"[""d7211e78427f6f66b6cdfa2ba0f23864373829a531c7157a33f867c16aae87de""]",0,[]
mf-01,cross-file-api,KOTLIN,1,gpt-6-luna,low,TRUE,5756,143,5899,2816,1,10.323,0,0,5115,,01a11714-e826-7af3-ba88-ef2724e826a9,,1,b68c30fc0e8bdad801a4fa49662855e480c19276690bebf3f8a11847820e8af5,codex-cli 0.160.0,6514,,0,86486ea06bc83480c09a5003cc7b6caf32438baa2f7c2c9443de2470df396c5d,1,TRUE,[],"[""d7211e78427f6f66b6cdfa2ba0f23864373829a531c7157a33f867c16aae87de""]",0,[]
mf-01,cross-file-api,KOTLIN-EXCERPT,1,gpt-6-luna,low,TRUE,3651,143,3794,2816,1,13.394,0,0,648,,01a11715-10c1-7ae1-a5d8-7308b7b6c738,,1,35987e43f3642bc61086c9725352fd349ceb69d996ce04efae6f3b6774b7992c,codex-cli 0.160.0,2156,,0,86486ea06bc83480c09a5003cc7b6caf32438baa2f7c2c9443de2470df396c5d,1,TRUE,[],"[""d7211e78427f6f66b6cdfa2ba0f23864373829a531c7157a33f867c16aae87de""]",0,[]
mf-01,cross-file-api,XAX,1,gpt-6-luna,low,TRUE,3839,25,3864,2816,1,9.183,0,0,1166,38,01a11715-480a-7922-a027-503b85356661,,1,3a0a0f4f8b563ad5f6d185fc488938d57b3877777d1839401246ec316c9ad4ca,codex-cli 0.160.0,2239,0,0,86486ea06bc83480c09a5003cc7b6caf32438baa2f7c2c9443de2470df396c5d,1,TRUE,[],"[""d7211e78427f6f66b6cdfa2ba0f23864373829a531c7157a33f867c16aae87de""]",0,[]
mf-02,large-class-dependent-assertion,JAVA-EXCERPT,1,gpt-6-luna,low,TRUE,3629,105,3734,0,1,7.940,0,0,557,,01a11715-6c28-7c41-b8ab-f730c7146dd3,,1,dfc579fdbbb106aa357f785977abd0e5ba29b569795b2fc4372e2c836ce03650,codex-cli 0.160.0,1931,,0,86486ea06bc83480c09a5003cc7b6caf32438baa2f7c2c9443de2470df396c5d,1,TRUE,[],"[""d7211e78427f6f66b6cdfa2ba0f23864373829a531c7157a33f867c16aae87de""]",0,[]
mf-02,large-class-dependent-assertion,KOTLIN,1,gpt-6-luna,low,TRUE,4484,99,4583,2816,1,11.499,0,0,2385,,01a11715-8b6d-79f3-ad02-550db7e24f9e,,1,afd5f4080b4dbef7fc0b61497275a9c672d51e7cefe7c87cdc58db36d10c0fd2,codex-cli 0.160.0,3666,,0,86486ea06bc83480c09a5003cc7b6caf32438baa2f7c2c9443de2470df396c5d,1,TRUE,[],"[""d7211e78427f6f66b6cdfa2ba0f23864373829a531c7157a33f867c16aae87de""]",0,[]
mf-02,large-class-dependent-assertion,KOTLIN-EXCERPT,1,gpt-6-luna,low,TRUE,3626,99,3725,2816,1,13.058,0,0,530,,01a11715-b897-7051-b76c-b87d525ed40b,,1,3ddfcf7292001801f4ede25aed4bb20bf5899116335fdb69642b50389c407084,codex-cli 0.160.0,1856,,0,86486ea06bc83480c09a5003cc7b6caf32438baa2f7c2c9443de2470df396c5d,1,TRUE,[],"[""d7211e78427f6f66b6cdfa2ba0f23864373829a531c7157a33f867c16aae87de""]",0,[]
mf-02,large-class-dependent-assertion,XAX,1,gpt-6-luna,low,FALSE,11651,51,11702,6400,3,15.474,3,2,1100,68,01a11715-ee12-7b11-8c25-ebea8e733707;01a11716-01c2-7432-a6be-08b09c0d7e06;01a11716-1508-7b70-b4ce-a4da8d048c04,"{""code"":""XAX.WORKSPACE.INVALID_VALUE"",""entity"":""A2"",""rule"":""WORKSPACE-CONSTANT-RANGE"",""expected"":""value fitting 70bc721413a0e348b918104f74735b38a2f0fa24d6faaf4597eff803ef931a6c"",""actual"":-4,""repair"":[""A2""]}",1,c53f4f0835bfe2dff1799e56e4c1178fd062a8ecd758b377c8e947bd0046de36,codex-cli 0.160.0,6962,3,0,86486ea06bc83480c09a5003cc7b6caf32438baa2f7c2c9443de2470df396c5d,3,TRUE,"[""{\""code\"":\""XAX.WORKSPACE.INVALID_VALUE\"",\""entity\"":\""A2\"",\""rule\"":\""WORKSPACE-CONSTANT-RANGE\"",\""expected\"":\""value fitting 70bc721413a0e348b918104f74735b38a2f0fa24d6faaf4597eff803ef931a6c\"",\""actual\"":-4,\""repair\"":[\""A2\""]}"", ""{\""code\"":\""XAX.WORKSPACE.INVALID_VALUE\"",\""entity\"":\""A2\"",\""rule\"":\""WORKSPACE-CONSTANT-RANGE\"",\""expected\"":\""value fitting 70bc721413a0e348b918104f74735b38a2f0fa24d6faaf4597eff803ef931a6c\"",\""actual\"":-4,\""repair\"":[\""A2\""]}"", ""{\""code\"":\""XAX.WORKSPACE.INVALID_VALUE\"",\""entity\"":\""A2\"",\""rule\"":\""WORKSPACE-CONSTANT-RANGE\"",\""expected\"":\""value fitting 70bc721413a0e348b918104f74735b38a2f0fa24d6faaf4597eff803ef931a6c\"",\""actual\"":-4,\""repair\"":[\""A2\""]}""]","[""d7211e78427f6f66b6cdfa2ba0f23864373829a531c7157a33f867c16aae87de"", ""d7211e78427f6f66b6cdfa2ba0f23864373829a531c7157a33f867c16aae87de"", ""d7211e78427f6f66b6cdfa2ba0f23864373829a531c7157a33f867c16aae87de""]",0,[]
mf-02,large-class-dependent-assertion,JAVA,1,gpt-6-luna,low,TRUE,4534,106,4640,2816,1,5.769,0,0,2896,,01a11716-2ace-7942-b98b-e3a74e44b44f,,1,f6d1250e78ae4a5252b0aaab305a6ac916a5ccecb309b6c099cceddf62ce72aa,codex-cli 0.160.0,4232,,0,86486ea06bc83480c09a5003cc7b6caf32438baa2f7c2c9443de2470df396c5d,1,TRUE,[],"[""d7211e78427f6f66b6cdfa2ba0f23864373829a531c7157a33f867c16aae87de""]",0,[]
mf-03,transitive-constant,KOTLIN,1,gpt-6-luna,low,TRUE,4697,119,4816,1792,1,10.135,0,0,2859,,01a11716-419a-7210-8f4a-029bbbaa0548,,1,e132af146f385e65008215cf9e4074a7e710ee3c6958bb6d437ee9232cb207ba,codex-cli 0.160.0,4183,,0,86486ea06bc83480c09a5003cc7b6caf32438baa2f7c2c9443de2470df396c5d,1,TRUE,[],"[""d7211e78427f6f66b6cdfa2ba0f23864373829a531c7157a33f867c16aae87de""]",0,[]
mf-03,transitive-constant,KOTLIN-EXCERPT,1,gpt-6-luna,low,TRUE,3668,120,3788,1792,1,10.978,0,0,650,,01a11716-697f-7ff1-81e2-8d18fee1b3e0,,1,f08c301b8e1c3cacf27e06ad63307049a5a1b2c40d055ed695c94d568e3416f6,codex-cli 0.160.0,2031,,0,86486ea06bc83480c09a5003cc7b6caf32438baa2f7c2c9443de2470df396c5d,1,TRUE,[],"[""d7211e78427f6f66b6cdfa2ba0f23864373829a531c7157a33f867c16aae87de""]",0,[]
mf-03,transitive-constant,XAX,1,gpt-6-luna,low,TRUE,3961,21,3982,2816,1,5.401,0,0,1454,60,01a11716-96e5-7303-a6ef-f2ad3aaa059e,,1,d365f59c37c64b051e3effa25de9cfb55cd97e9df3f93fdcf5da31473b0f1cd7,codex-cli 0.160.0,2491,0,0,86486ea06bc83480c09a5003cc7b6caf32438baa2f7c2c9443de2470df396c5d,1,TRUE,[],"[""d7211e78427f6f66b6cdfa2ba0f23864373829a531c7157a33f867c16aae87de""]",0,[]
mf-03,transitive-constant,JAVA,1,gpt-6-luna,low,TRUE,4761,131,4892,1792,1,20.386,0,0,3500,,01a11716-ac43-7b20-bf4e-f6f911d60bf4,,1,d9881874ecc973b82e0b4d8ff4ee1750f834c06ec85f091a9e105515eb491606,codex-cli 0.160.0,4900,,0,86486ea06bc83480c09a5003cc7b6caf32438baa2f7c2c9443de2470df396c5d,1,TRUE,[],"[""d7211e78427f6f66b6cdfa2ba0f23864373829a531c7157a33f867c16aae87de""]",0,[]
mf-03,transitive-constant,JAVA-EXCERPT,1,gpt-6-luna,low,TRUE,3676,131,3807,2816,1,7.213,0,0,714,,01a11716-fc2d-7672-b16a-365109bd9046,,1,cc201cab6dea24ab31de3602669170436e65f89d57fae932da844bc19ea61e62,codex-cli 0.160.0,2169,,0,86486ea06bc83480c09a5003cc7b6caf32438baa2f7c2c9443de2470df396c5d,1,TRUE,[],"[""d7211e78427f6f66b6cdfa2ba0f23864373829a531c7157a33f867c16aae87de""]",0,[]
mf-01,cross-file-api,JAVA-EXCERPT,2,gpt-6-luna,low,TRUE,3664,169,3833,2816,1,9.310,0,0,721,,01a11717-189d-7b80-8fa1-3f17b4196479,,1,dee46509996292ab2cfac9871c06072affeb3a8ee038b3e0bbce879c8ed779d3,codex-cli 0.160.0,2370,,0,86486ea06bc83480c09a5003cc7b6caf32438baa2f7c2c9443de2470df396c5d,1,TRUE,[],"[""d7211e78427f6f66b6cdfa2ba0f23864373829a531c7157a33f867c16aae87de""]",0,[]
mf-01,cross-file-api,KOTLIN,2,gpt-6-luna,low,TRUE,5756,143,5899,2816,1,10.255,0,0,5115,,01a11717-3d41-7f90-985d-316434156758,,1,ecafd93efadc4cfb2b0ffcbaeb8f87bf923933fb1dd9257209144f2c3a5820d0,codex-cli 0.160.0,6514,,0,86486ea06bc83480c09a5003cc7b6caf32438baa2f7c2c9443de2470df396c5d,1,TRUE,[],"[""d7211e78427f6f66b6cdfa2ba0f23864373829a531c7157a33f867c16aae87de""]",0,[]
mf-01,cross-file-api,KOTLIN-EXCERPT,2,gpt-6-luna,low,TRUE,3651,143,3794,2816,1,10.104,0,0,648,,01a11717-6583-7a23-bf1e-84aedabe9b81,,1,1971b831ab2ca38d81eac520ff7ddd73312c2e7ff778872fe939c1700c048a72,codex-cli 0.160.0,2156,,0,86486ea06bc83480c09a5003cc7b6caf32438baa2f7c2c9443de2470df396c5d,1,TRUE,[],"[""d7211e78427f6f66b6cdfa2ba0f23864373829a531c7157a33f867c16aae87de""]",0,[]
mf-01,cross-file-api,XAX,2,gpt-6-luna,low,TRUE,7700,114,7814,3584,2,12.105,1,1,1166,57,01a11717-8f8b-7320-b4e3-7fdf00be71ec;01a11717-a90c-7473-b849-9a524c873a7d,,1,1233196430cdbdd4b7ad4dc6117abe8cc13c72d0bd815b8051981d93c4ee71ea,codex-cli 0.160.0,4715,0,0,86486ea06bc83480c09a5003cc7b6caf32438baa2f7c2c9443de2470df396c5d,2,TRUE,"[""invalid literal for int() with base 10: 'b8'""]","[""d7211e78427f6f66b6cdfa2ba0f23864373829a531c7157a33f867c16aae87de"", ""d7211e78427f6f66b6cdfa2ba0f23864373829a531c7157a33f867c16aae87de""]",0,[]
mf-01,cross-file-api,JAVA,2,gpt-6-luna,low,TRUE,5877,170,6047,1792,1,6.796,0,0,6327,,01a11717-bf14-7623-9f6d-85973a458302,,1,b38838a5980f0cfc0c7e66024ce718d7ab4c1dd29f0ef83c3194c6930c9e40cd,codex-cli 0.160.0,7871,,0,86486ea06bc83480c09a5003cc7b6caf32438baa2f7c2c9443de2470df396c5d,1,TRUE,[],"[""d7211e78427f6f66b6cdfa2ba0f23864373829a531c7157a33f867c16aae87de""]",0,[]
mf-02,large-class-dependent-assertion,KOTLIN,2,gpt-6-luna,low,TRUE,4484,99,4583,2816,1,11.030,0,0,2385,,01a11717-d9d9-79d1-91cd-f7c2c64ab858,,1,537fcde168837cc5476d03ee2421eab2f8370bb83475ccdaf6f87943c8f488fe,codex-cli 0.160.0,3666,,0,86486ea06bc83480c09a5003cc7b6caf32438baa2f7c2c9443de2470df396c5d,1,TRUE,[],"[""d7211e78427f6f66b6cdfa2ba0f23864373829a531c7157a33f867c16aae87de""]",0,[]
mf-02,large-class-dependent-assertion,KOTLIN-EXCERPT,2,gpt-6-luna,low,TRUE,3626,99,3725,1792,1,11.152,0,0,530,,01a11718-0530-7420-b169-37d2ce265099,,1,8760cf5eb084fc831d959d23a61b5a353633b8d87442073119ceeaa11f9943cb,codex-cli 0.160.0,1856,,0,86486ea06bc83480c09a5003cc7b6caf32438baa2f7c2c9443de2470df396c5d,1,TRUE,[],"[""d7211e78427f6f66b6cdfa2ba0f23864373829a531c7157a33f867c16aae87de""]",0,[]
mf-02,large-class-dependent-assertion,XAX,2,gpt-6-luna,low,FALSE,3827,15,3842,2816,1,5.150,1,0,1100,34,01a11718-3339-71d2-ab41-57acffce3888,XAX.TEST.TARGET,1,1f9640f8dd36a0236f4e3c52ce26162459a17a2abefc6e080373a24180cc15a6,codex-cli 0.160.0,2144,0,0,86486ea06bc83480c09a5003cc7b6caf32438baa2f7c2c9443de2470df396c5d,1,TRUE,"[""XAX.TEST.TARGET""]","[""d7211e78427f6f66b6cdfa2ba0f23864373829a531c7157a33f867c16aae87de""]",0,[]
mf-02,large-class-dependent-assertion,JAVA,2,gpt-6-luna,low,TRUE,4534,105,4639,1792,1,7.318,0,0,2896,,01a11718-4794-7842-9061-375ce80f3c1c,,1,082cba1ff8c5a10f904fb72b090434121cb56426920a5c5eada02146c05eca0e,codex-cli 0.160.0,4228,,0,86486ea06bc83480c09a5003cc7b6caf32438baa2f7c2c9443de2470df396c5d,1,TRUE,[],"[""d7211e78427f6f66b6cdfa2ba0f23864373829a531c7157a33f867c16aae87de""]",0,[]
mf-02,large-class-dependent-assertion,JAVA-EXCERPT,2,gpt-6-luna,low,TRUE,3629,105,3734,1792,1,7.307,0,0,557,,01a11718-6471-7760-a8e4-1b1ce082cfb0,,1,05d152493ab5ed5a7755277ab21a4912b76291b7e38933fbb673f9b2dd95c448,codex-cli 0.160.0,1934,,0,86486ea06bc83480c09a5003cc7b6caf32438baa2f7c2c9443de2470df396c5d,1,TRUE,[],"[""d7211e78427f6f66b6cdfa2ba0f23864373829a531c7157a33f867c16aae87de""]",0,[]
mf-03,transitive-constant,KOTLIN-EXCERPT,2,gpt-6-luna,low,TRUE,3668,119,3787,2816,1,10.238,0,0,650,,01a11718-8139-7d42-8218-5044395f011d,,1,0cf85628e20754f5659175f809581571b8980c730de3971b8d8ee40ebf36db97,codex-cli 0.160.0,2029,,0,86486ea06bc83480c09a5003cc7b6caf32438baa2f7c2c9443de2470df396c5d,1,TRUE,[],"[""d7211e78427f6f66b6cdfa2ba0f23864373829a531c7157a33f867c16aae87de""]",0,[]
mf-03,transitive-constant,XAX,2,gpt-6-luna,low,TRUE,3961,21,3982,2816,1,5.625,0,0,1454,60,01a11718-abbd-72a2-a61e-09e0c804f325,,1,583f648b7823ae484c677640b383c029b9b3a7fb21e899b2d35119831b938624,codex-cli 0.160.0,2491,0,0,86486ea06bc83480c09a5003cc7b6caf32438baa2f7c2c9443de2470df396c5d,1,TRUE,[],"[""d7211e78427f6f66b6cdfa2ba0f23864373829a531c7157a33f867c16aae87de""]",0,[]
mf-03,transitive-constant,JAVA,2,gpt-6-luna,low,TRUE,4761,131,4892,2816,1,8.438,0,0,3500,,01a11718-c1f1-7291-83a9-0c7c8d99382f,,1,07bc4cfd7c2fc051684f70b4558925456e2457d9981c2ec3c7737ef184327524,codex-cli 0.160.0,4900,,0,86486ea06bc83480c09a5003cc7b6caf32438baa2f7c2c9443de2470df396c5d,1,TRUE,[],"[""d7211e78427f6f66b6cdfa2ba0f23864373829a531c7157a33f867c16aae87de""]",0,[]
mf-03,transitive-constant,JAVA-EXCERPT,2,gpt-6-luna,low,TRUE,3676,131,3807,2816,1,8.416,0,0,714,,01a11718-e327-78d0-a827-06bbb40fff29,,1,ec906228276518e90b1e5a874c87dfd23c25018120499acf6a09a6881a2d730a,codex-cli 0.160.0,2169,,0,86486ea06bc83480c09a5003cc7b6caf32438baa2f7c2c9443de2470df396c5d,1,TRUE,[],"[""d7211e78427f6f66b6cdfa2ba0f23864373829a531c7157a33f867c16aae87de""]",0,[]
mf-03,transitive-constant,KOTLIN,2,gpt-6-luna,low,TRUE,4697,119,4816,2816,1,13.429,0,0,2859,,01a11719-0444-7222-a6fe-f096e074f618,,1,988c6f3d78d6322f35c7cc920574904713781bb3ee41da46e069467cceda7783,codex-cli 0.160.0,4183,,0,86486ea06bc83480c09a5003cc7b6caf32438baa2f7c2c9443de2470df396c5d,1,TRUE,[],"[""d7211e78427f6f66b6cdfa2ba0f23864373829a531c7157a33f867c16aae87de""]",0,[]
mf-01,cross-file-api,KOTLIN,3,gpt-6-luna,low,TRUE,5756,143,5899,2816,1,12.346,0,0,5115,,01a11719-38ff-7562-8ef6-302ac647e5bb,,1,d7e6cffd88ea823869faa3f15ad3bc5522c2efd69a70106716ab50632af86e1b,codex-cli 0.160.0,6514,,0,86486ea06bc83480c09a5003cc7b6caf32438baa2f7c2c9443de2470df396c5d,1,TRUE,[],"[""d7211e78427f6f66b6cdfa2ba0f23864373829a531c7157a33f867c16aae87de""]",0,[]
mf-01,cross-file-api,KOTLIN-EXCERPT,3,gpt-6-luna,low,TRUE,3651,143,3794,1792,1,10.442,0,0,648,,01a11719-696a-7ed2-b356-2cf96d516717,,1,afcfa08d9c01c6d6cb12f3adec620b3611315eb0b055e00d9544d60c29db4908,codex-cli 0.160.0,2156,,0,86486ea06bc83480c09a5003cc7b6caf32438baa2f7c2c9443de2470df396c5d,1,TRUE,[],"[""d7211e78427f6f66b6cdfa2ba0f23864373829a531c7157a33f867c16aae87de""]",0,[]
mf-01,cross-file-api,XAX,3,gpt-6-luna,low,TRUE,7700,79,7779,3584,2,11.193,1,1,1166,57,01a11719-94bb-72e0-ad63-c2ad1d0c5f22;01a11719-a7b7-7be1-a71c-98eaf6a8ef5e,,1,310ad5a47c3dd67afac22ecd134334e98ca3d0b5e583df9b9b6a4cf1efc856d0,codex-cli 0.160.0,4644,0,0,86486ea06bc83480c09a5003cc7b6caf32438baa2f7c2c9443de2470df396c5d,2,TRUE,"[""invalid literal for int() with base 10: 'b8'""]","[""d7211e78427f6f66b6cdfa2ba0f23864373829a531c7157a33f867c16aae87de"", ""d7211e78427f6f66b6cdfa2ba0f23864373829a531c7157a33f867c16aae87de""]",0,[]
mf-01,cross-file-api,JAVA,3,gpt-6-luna,low,TRUE,5877,170,6047,2816,1,11.117,0,0,6327,,01a11719-c0a9-7043-b107-a41053439040,,1,91d4b52754a1c3ac63fb5044401c812171194adf9d236f1ea680a7147204a16d,codex-cli 0.160.0,7871,,0,86486ea06bc83480c09a5003cc7b6caf32438baa2f7c2c9443de2470df396c5d,1,TRUE,[],"[""d7211e78427f6f66b6cdfa2ba0f23864373829a531c7157a33f867c16aae87de""]",0,[]
mf-01,cross-file-api,JAVA-EXCERPT,3,gpt-6-luna,low,TRUE,3664,169,3833,2816,1,6.505,0,0,721,,01a11719-ec5c-7f80-b197-263a6dfc5b66,,1,bf6fce7ecaa418f06e54755d75bc9d04d8e62def2b1aea6d006de762c7c9dae5,codex-cli 0.160.0,2370,,0,86486ea06bc83480c09a5003cc7b6caf32438baa2f7c2c9443de2470df396c5d,1,TRUE,[],"[""d7211e78427f6f66b6cdfa2ba0f23864373829a531c7157a33f867c16aae87de""]",0,[]
mf-02,large-class-dependent-assertion,KOTLIN-EXCERPT,3,gpt-6-luna,low,TRUE,3626,99,3725,2816,1,10.620,0,0,530,,01a1171a-0614-7cd1-a6e0-a054ac92aa5b,,1,b3223e2b2b68fa6d8e09c8f3465408bc361ff78ed03d08f08655fe518f97df36,codex-cli 0.160.0,1856,,0,86486ea06bc83480c09a5003cc7b6caf32438baa2f7c2c9443de2470df396c5d,1,TRUE,[],"[""d7211e78427f6f66b6cdfa2ba0f23864373829a531c7157a33f867c16aae87de""]",0,[]
mf-02,large-class-dependent-assertion,XAX,3,gpt-6-luna,low,FALSE,3827,10,3837,2816,1,5.134,1,0,1100,34,01a1171a-3203-73d1-a5ca-776a4901acde,XAX.TEST.TARGET,1,98971dfb206b29581226858c0e4144c79cea7fe68a68bd01dadbe861e2f9c75d,codex-cli 0.160.0,2134,0,0,86486ea06bc83480c09a5003cc7b6caf32438baa2f7c2c9443de2470df396c5d,1,TRUE,"[""XAX.TEST.TARGET""]","[""d7211e78427f6f66b6cdfa2ba0f23864373829a531c7157a33f867c16aae87de""]",0,[]
mf-02,large-class-dependent-assertion,JAVA,3,gpt-6-luna,low,TRUE,4534,105,4639,2816,1,6.490,0,0,2896,,01a1171a-4647-7f23-923d-416e44f4b2e9,,1,877be67d6d59f51dba83a2a90dbaf7c02ecba7a99f90fbd9702c3b143bd69ab9,codex-cli 0.160.0,4228,,0,86486ea06bc83480c09a5003cc7b6caf32438baa2f7c2c9443de2470df396c5d,1,TRUE,[],"[""d7211e78427f6f66b6cdfa2ba0f23864373829a531c7157a33f867c16aae87de""]",0,[]
mf-02,large-class-dependent-assertion,JAVA-EXCERPT,3,gpt-6-luna,low,TRUE,3629,105,3734,2816,1,9.631,0,0,557,,01a1171a-5fda-7480-ba37-7432230be476,,1,9178f5babcfa9773b476b2f0b598407b3d3af13f425b5be7638033a970685b22,codex-cli 0.160.0,1934,,0,86486ea06bc83480c09a5003cc7b6caf32438baa2f7c2c9443de2470df396c5d,1,TRUE,[],"[""d7211e78427f6f66b6cdfa2ba0f23864373829a531c7157a33f867c16aae87de""]",0,[]
mf-02,large-class-dependent-assertion,KOTLIN,3,gpt-6-luna,low,TRUE,4484,99,4583,1792,1,12.383,0,0,2385,,01a1171a-85bd-7963-8693-53a8ff48321d,,1,3169aa2f12825783c5dec1b1df7116beb06b9b43ae0faea2c161ff3b703462f3,codex-cli 0.160.0,3666,,0,86486ea06bc83480c09a5003cc7b6caf32438baa2f7c2c9443de2470df396c5d,1,TRUE,[],"[""d7211e78427f6f66b6cdfa2ba0f23864373829a531c7157a33f867c16aae87de""]",0,[]
mf-03,transitive-constant,XAX,3,gpt-6-luna,low,TRUE,3961,21,3982,1792,1,4.915,0,0,1454,60,01a1171a-b897-7933-b70a-edc0d44a576d,,1,5f0f1b041c377662281a1b84d06b1bdb15a8514c5ae2d8d550872a3b4344c2bd,codex-cli 0.160.0,2491,0,0,86486ea06bc83480c09a5003cc7b6caf32438baa2f7c2c9443de2470df396c5d,1,TRUE,[],"[""d7211e78427f6f66b6cdfa2ba0f23864373829a531c7157a33f867c16aae87de""]",0,[]
mf-03,transitive-constant,JAVA,3,gpt-6-luna,low,TRUE,4761,131,4892,2816,1,7.390,0,0,3500,,01a1171a-cc13-7210-869e-2d1edec5d3ac,,1,ab63d36613ea05b69bccc52cd5a54a98e9727a7ad9a438b44d8bf2e4e126b0ba,codex-cli 0.160.0,4900,,0,86486ea06bc83480c09a5003cc7b6caf32438baa2f7c2c9443de2470df396c5d,1,TRUE,[],"[""d7211e78427f6f66b6cdfa2ba0f23864373829a531c7157a33f867c16aae87de""]",0,[]
mf-03,transitive-constant,JAVA-EXCERPT,3,gpt-6-luna,low,TRUE,3676,131,3807,2816,1,5.696,0,0,714,,01a1171a-e935-7413-951d-9506f90e4547,,1,5b5815eca9fcdf66b9015077dcac63e8b00859608c7de0f6986b46423fbf0b86,codex-cli 0.160.0,2169,,0,86486ea06bc83480c09a5003cc7b6caf32438baa2f7c2c9443de2470df396c5d,1,TRUE,[],"[""d7211e78427f6f66b6cdfa2ba0f23864373829a531c7157a33f867c16aae87de""]",0,[]
mf-03,transitive-constant,KOTLIN,3,gpt-6-luna,low,TRUE,4697,119,4816,1792,1,12.868,0,0,2859,,01a1171a-ffba-7eb0-8708-2a5ffab0deba,,1,edcc354bae0f6e937173ee98d1a9f834775cb595a8ad4745c39c1090954e10d9,codex-cli 0.160.0,4183,,0,86486ea06bc83480c09a5003cc7b6caf32438baa2f7c2c9443de2470df396c5d,1,TRUE,[],"[""d7211e78427f6f66b6cdfa2ba0f23864373829a531c7157a33f867c16aae87de""]",0,[]
mf-03,transitive-constant,KOTLIN-EXCERPT,3,gpt-6-luna,low,TRUE,3668,119,3787,2816,1,12.296,0,0,650,,01a1171b-3244-7743-8129-e1a04be3a32f,,1,efbcf0454a5d8baeae01249f03b8fc5bd1f9386b7b81517d2cc8070f3afb78a1,codex-cli 0.160.0,2029,,0,86486ea06bc83480c09a5003cc7b6caf32438baa2f7c2c9443de2470df396c5d,1,TRUE,[],"[""d7211e78427f6f66b6cdfa2ba0f23864373829a531c7157a33f867c16aae87de""]",0,[]
mf-02,large-class-dependent-assertion,XAX,1,gpt-6-luna,low,FALSE,3827,15,3842,2816,1,6.170,1,0,1100,34,01a1171b-b2ec-7cf2-bd6e-de55a9dc7bef,XAX.TEST.TARGET,2,1c8f9b4dfadb1d27228afcd4c06b9561db45d79f89943ad6a6cc72f28efba514,codex-cli 0.160.0,2144,0,0,86486ea06bc83480c09a5003cc7b6caf32438baa2f7c2c9443de2470df396c5d,1,TRUE,"[""XAX.TEST.TARGET""]","[""d7211e78427f6f66b6cdfa2ba0f23864373829a531c7157a33f867c16aae87de""]",0,[]
mf-02,large-class-dependent-assertion,XAX,2,gpt-6-luna,low,FALSE,3827,15,3842,1792,1,5.693,1,0,1100,34,01a1171b-cd64-7ea1-a221-1e878667c8c1,XAX.TEST.TARGET,2,6d48357351f968a4546c7fe55e9d5cf5b62b4c1bc5f5bd4730e6ca61319647b9,codex-cli 0.160.0,2144,0,0,86486ea06bc83480c09a5003cc7b6caf32438baa2f7c2c9443de2470df396c5d,1,TRUE,"[""XAX.TEST.TARGET""]","[""d7211e78427f6f66b6cdfa2ba0f23864373829a531c7157a33f867c16aae87de""]",0,[]
mf-02,large-class-dependent-assertion,XAX,3,gpt-6-luna,low,FALSE,3827,15,3842,1792,1,8.096,1,0,1100,34,01a1171b-e60c-79f1-8e34-f65494aeb8ba,XAX.TEST.TARGET,2,722af7676a298fa03a2c4576e36a88ed6887d4bc0101df11b18255d5f070076a,codex-cli 0.160.0,2144,0,0,86486ea06bc83480c09a5003cc7b6caf32438baa2f7c2c9443de2470df396c5d,1,TRUE,"[""XAX.TEST.TARGET""]","[""d7211e78427f6f66b6cdfa2ba0f23864373829a531c7157a33f867c16aae87de""]",0,[]
